peg_x,peg_y,success,file,demo,radial,depth,upright
0.24697,-0.00070,1,gen_mimicgen.hdf5,demo_0,0.00102,0.03806,1.0000
0.17728,0.04426,1,gen_mimicgen.hdf5,demo_1,0.00068,0.03806,1.0000
0.24242,0.07086,1,gen_mimicgen.hdf5,demo_2,0.00099,0.03806,1.0000
0.16207,-0.08541,1,gen_mimicgen.hdf5,demo_3,0.00123,0.03806,1.0000
0.25954,-0.10926,1,gen_mimicgen.hdf5,demo_4,0.00134,0.03806,1.0000
0.15796,-0.11786,1,gen_mimicgen.hdf5,demo_5,0.00099,0.03806,1.0000
0.10403,0.00218,1,gen_mimicgen.hdf5,demo_6,0.00098,0.03806,1.0000
0.16633,0.10822,1,gen_mimicgen.hdf5,demo_7,0.00132,0.03806,1.0000
0.19529,-0.07701,1,gen_mimicgen.hdf5,demo_8,0.00136,0.03806,1.0000
0.18898,-0.08040,0,gen_mimicgen_failed.hdf5,demo_0,0.09567,0.00000,0.0000
0.08779,-0.06758,0,gen_mimicgen_failed.hdf5,demo_1,0.08764,0.00000,-0.8334
0.18856,-0.07654,0,gen_mimicgen_failed.hdf5,demo_10,0.07181,0.00000,-0.9990
0.23578,0.08411,0,gen_mimicgen_failed.hdf5,demo_100,0.06173,0.00000,-0.0486
0.17009,0.01741,0,gen_mimicgen_failed.hdf5,demo_101,0.06715,0.00000,-1.0000
0.23564,0.04275,0,gen_mimicgen_failed.hdf5,demo_102,0.15656,0.00000,0.9998
0.20211,0.00312,0,gen_mimicgen_failed.hdf5,demo_103,0.15092,0.00000,1.0000
0.17585,0.00045,0,gen_mimicgen_failed.hdf5,demo_104,0.14213,0.00000,0.9990
0.22572,0.04249,0,gen_mimicgen_failed.hdf5,demo_105,0.06634,0.00000,-0.9992
0.12788,0.00350,0,gen_mimicgen_failed.hdf5,demo_106,0.10828,0.00000,0.9975
0.16552,-0.05078,0,gen_mimicgen_failed.hdf5,demo_107,0.17374,0.00000,0.9985
0.20726,-0.10510,0,gen_mimicgen_failed.hdf5,demo_108,0.07367,0.00000,-0.9900
0.11708,-0.08120,0,gen_mimicgen_failed.hdf5,demo_109,0.06425,0.00000,-0.9998
0.09066,-0.10543,0,gen_mimicgen_failed.hdf5,demo_11,0.07100,0.00000,-0.9349
0.12521,0.00431,0,gen_mimicgen_failed.hdf5,demo_110,0.10139,0.00000,0.9998
0.20058,0.06612,0,gen_mimicgen_failed.hdf5,demo_111,0.11311,0.00000,0.9997
0.24646,-0.03451,0,gen_mimicgen_failed.hdf5,demo_112,0.21362,0.00000,0.9997
0.16765,0.09476,0,gen_mimicgen_failed.hdf5,demo_113,0.07479,0.00000,0.9999
0.08620,-0.02334,0,gen_mimicgen_failed.hdf5,demo_114,0.06295,0.00000,-0.0447
0.09546,-0.09988,0,gen_mimicgen_failed.hdf5,demo_115,0.06172,0.00000,0.9995
0.25338,-0.09707,0,gen_mimicgen_failed.hdf5,demo_116,0.25651,0.00000,0.9999
0.10301,-0.08301,0,gen_mimicgen_failed.hdf5,demo_117,0.18976,0.00000,1.0000
0.21078,0.04743,0,gen_mimicgen_failed.hdf5,demo_118,0.13193,0.00000,0.9997
0.18053,0.00734,0,gen_mimicgen_failed.hdf5,demo_119,0.09372,0.00000,0.0000
0.21394,-0.09348,0,gen_mimicgen_failed.hdf5,demo_12,0.10139,0.00000,0.3519
0.22708,0.00659,0,gen_mimicgen_failed.hdf5,demo_120,0.17133,0.00000,0.9815
0.23587,0.04827,0,gen_mimicgen_failed.hdf5,demo_121,0.02212,0.00000,0.9991
0.20639,-0.08528,0,gen_mimicgen_failed.hdf5,demo_122,0.06386,0.00000,-0.0439
0.22371,-0.08085,0,gen_mimicgen_failed.hdf5,demo_123,0.22447,0.00000,1.0000
0.23401,-0.10772,0,gen_mimicgen_failed.hdf5,demo_124,0.00860,0.00766,0.9456
0.23396,-0.05703,0,gen_mimicgen_failed.hdf5,demo_125,0.00983,0.00613,0.9546
0.21477,-0.06615,0,gen_mimicgen_failed.hdf5,demo_126,0.02028,0.00000,-0.0218
0.18062,-0.09971,0,gen_mimicgen_failed.hdf5,demo_127,0.07030,0.00000,-0.2622
0.19712,-0.11911,0,gen_mimicgen_failed.hdf5,demo_128,0.06855,0.00000,-0.9844
0.12544,-0.07511,0,gen_mimicgen_failed.hdf5,demo_129,0.01378,0.00013,0.9951
0.09319,-0.11513,0,gen_mimicgen_failed.hdf5,demo_13,0.01138,0.01486,0.7049
0.10976,-0.10715,0,gen_mimicgen_failed.hdf5,demo_130,0.05942,0.00000,0.9529
0.23584,0.01913,0,gen_mimicgen_failed.hdf5,demo_131,0.01477,0.00619,0.8875
0.21675,0.06031,0,gen_mimicgen_failed.hdf5,demo_132,0.01131,0.00572,0.7440
0.17332,0.00311,0,gen_mimicgen_failed.hdf5,demo_133,0.16853,0.00000,-0.0000
0.22875,-0.00998,0,gen_mimicgen_failed.hdf5,demo_134,0.01988,0.00000,0.9984
0.14105,-0.03675,0,gen_mimicgen_failed.hdf5,demo_135,0.16835,0.00000,0.3783
0.17473,0.05464,0,gen_mimicgen_failed.hdf5,demo_136,0.09175,0.00000,0.9973
0.25833,-0.00766,0,gen_mimicgen_failed.hdf5,demo_137,0.20669,0.00000,0.5389
0.13583,-0.10386,0,gen_mimicgen_failed.hdf5,demo_138,0.18606,0.00000,0.8156
0.23015,-0.01933,0,gen_mimicgen_failed.hdf5,demo_139,0.21636,0.00000,-0.0294
0.25865,-0.10148,0,gen_mimicgen_failed.hdf5,demo_14,0.06636,0.00000,-1.0000
0.25656,0.03377,0,gen_mimicgen_failed.hdf5,demo_140,0.18516,0.00000,1.0000
0.09938,-0.01241,0,gen_mimicgen_failed.hdf5,demo_141,0.07501,0.00000,-0.9237
0.17896,-0.00505,0,gen_mimicgen_failed.hdf5,demo_142,0.13926,0.00000,0.9977
0.24748,-0.08646,0,gen_mimicgen_failed.hdf5,demo_143,0.09701,0.00000,-0.2886
0.15375,-0.11126,0,gen_mimicgen_failed.hdf5,demo_144,0.01055,0.01584,1.0000
0.23528,-0.05840,0,gen_mimicgen_failed.hdf5,demo_145,0.01385,0.00511,0.9101
0.12160,-0.06964,0,gen_mimicgen_failed.hdf5,demo_146,0.01038,0.00564,0.9665
0.24229,-0.08690,0,gen_mimicgen_failed.hdf5,demo_147,0.09300,0.00000,0.9998
0.24362,-0.07054,0,gen_mimicgen_failed.hdf5,demo_148,0.07094,0.00000,-0.9669
0.12559,-0.01056,0,gen_mimicgen_failed.hdf5,demo_149,0.01526,-0.00004,0.9953
0.23929,-0.08846,0,gen_mimicgen_failed.hdf5,demo_15,0.06814,0.00000,-0.9786
0.08781,-0.03887,0,gen_mimicgen_failed.hdf5,demo_150,0.01579,-0.00004,0.9978
0.12304,-0.10237,0,gen_mimicgen_failed.hdf5,demo_151,0.07166,0.00000,-0.9971
0.18254,-0.04265,0,gen_mimicgen_failed.hdf5,demo_152,0.16709,0.00000,0.9997
0.13195,0.03100,0,gen_mimicgen_failed.hdf5,demo_153,0.01907,0.00000,0.9993
0.23626,-0.01985,0,gen_mimicgen_failed.hdf5,demo_154,0.19119,0.00000,0.9862
0.14643,0.01421,0,gen_mimicgen_failed.hdf5,demo_155,0.10064,0.00000,0.9996
0.10153,-0.03995,0,gen_mimicgen_failed.hdf5,demo_156,0.13667,0.00000,0.9979
0.23917,-0.08916,0,gen_mimicgen_failed.hdf5,demo_157,0.24404,0.00000,0.9999
0.13733,0.03427,0,gen_mimicgen_failed.hdf5,demo_158,0.07248,0.00000,0.6724
0.23079,0.01478,0,gen_mimicgen_failed.hdf5,demo_159,0.16926,0.00000,0.9809
0.12287,-0.07618,0,gen_mimicgen_failed.hdf5,demo_16,0.01616,0.00000,0.8195
0.21069,0.09035,0,gen_mimicgen_failed.hdf5,demo_160,0.12041,0.00000,0.9998
0.18399,-0.01425,0,gen_mimicgen_failed.hdf5,demo_161,0.15650,0.00000,0.9995
0.14317,-0.10843,0,gen_mimicgen_failed.hdf5,demo_162,0.22357,0.00000,1.0000
0.22680,-0.10132,0,gen_mimicgen_failed.hdf5,demo_163,0.06316,0.00000,-0.9919
0.12584,-0.08246,0,gen_mimicgen_failed.hdf5,demo_164,0.01072,0.01648,0.5184
0.23762,-0.08637,0,gen_mimicgen_failed.hdf5,demo_165,0.09410,0.00000,0.0000
0.23436,-0.07900,0,gen_mimicgen_failed.hdf5,demo_166,0.01471,-0.00004,0.9975
0.21460,-0.11283,0,gen_mimicgen_failed.hdf5,demo_167,0.07054,0.00000,-0.9975
0.21814,-0.08646,0,gen_mimicgen_failed.hdf5,demo_168,0.11812,0.00000,0.0000
0.22925,-0.10686,0,gen_mimicgen_failed.hdf5,demo_169,0.01960,0.00000,-0.0005
0.22334,-0.01008,0,gen_mimicgen_failed.hdf5,demo_17,0.07969,0.00000,-0.9470
0.08210,-0.03579,0,gen_mimicgen_failed.hdf5,demo_170,0.07227,0.00000,-0.9574
0.23301,-0.02657,0,gen_mimicgen_failed.hdf5,demo_171,0.06620,0.00000,0.0000
0.20298,0.04171,0,gen_mimicgen_failed.hdf5,demo_172,0.01050,0.01611,0.6544
0.25578,0.03823,0,gen_mimicgen_failed.hdf5,demo_173,0.19764,0.00000,0.9961
0.15003,-0.03195,0,gen_mimicgen_failed.hdf5,demo_174,0.14395,0.00000,0.9984
0.10515,0.01517,0,gen_mimicgen_failed.hdf5,demo_175,0.01103,0.00494,0.8840
0.16255,-0.08411,0,gen_mimicgen_failed.hdf5,demo_176,0.09278,0.00000,0.0000
0.17861,-0.09017,0,gen_mimicgen_failed.hdf5,demo_177,0.20438,0.00000,0.8506
0.25391,0.09262,0,gen_mimicgen_failed.hdf5,demo_178,0.16846,0.00000,0.9947
0.21580,0.01433,0,gen_mimicgen_failed.hdf5,demo_179,0.14868,0.00000,0.9910
0.20007,-0.05531,0,gen_mimicgen_failed.hdf5,demo_18,0.00874,0.00745,0.9936
0.23621,0.04558,0,gen_mimicgen_failed.hdf5,demo_180,0.01111,0.01499,0.7109
0.20218,-0.01492,0,gen_mimicgen_failed.hdf5,demo_181,0.01665,0.00000,0.7840
0.20289,-0.03521,0,gen_mimicgen_failed.hdf5,demo_182,0.07064,0.00000,0.0000
0.20147,0.00505,0,gen_mimicgen_failed.hdf5,demo_183,0.06352,0.00000,-0.8959
0.24520,0.00625,0,gen_mimicgen_failed.hdf5,demo_184,0.01044,0.01635,1.0000
0.12409,-0.00365,0,gen_mimicgen_failed.hdf5,demo_185,0.09470,0.00000,-0.0000
0.19384,-0.11661,0,gen_mimicgen_failed.hdf5,demo_186,0.01055,0.01656,0.5370
0.08315,-0.06633,0,gen_mimicgen_failed.hdf5,demo_187,0.01052,0.01639,0.9999
0.24280,0.03981,0,gen_mimicgen_failed.hdf5,demo_188,0.06615,0.00000,0.6801
0.21495,0.08495,0,gen_mimicgen_failed.hdf5,demo_189,0.06534,0.00000,-0.9498
0.16788,-0.02042,0,gen_mimicgen_failed.hdf5,demo_19,0.06571,0.00000,-0.9999
0.10152,-0.05110,0,gen_mimicgen_failed.hdf5,demo_190,0.01006,-0.00004,1.0000
0.20483,0.07645,0,gen_mimicgen_failed.hdf5,demo_191,0.02248,0.00000,-0.0027
0.24564,-0.02062,0,gen_mimicgen_failed.hdf5,demo_192,0.01082,0.01577,0.6647
0.23760,0.08580,0,gen_mimicgen_failed.hdf5,demo_193,0.01910,0.00000,0.9963
0.16219,0.04176,0,gen_mimicgen_failed.hdf5,demo_194,0.05908,0.00000,-0.0304
0.11800,-0.02763,0,gen_mimicgen_failed.hdf5,demo_195,0.01628,0.00000,0.6301
0.16701,-0.00645,0,gen_mimicgen_failed.hdf5,demo_196,0.09370,0.00000,-0.0000
0.08970,-0.05597,0,gen_mimicgen_failed.hdf5,demo_197,0.09420,0.00000,-0.0000
0.21050,-0.09279,0,gen_mimicgen_failed.hdf5,demo_198,0.22938,0.00000,0.9999
0.09858,-0.04056,0,gen_mimicgen_failed.hdf5,demo_199,0.15239,0.00000,1.0000
0.12018,-0.01132,0,gen_mimicgen_failed.hdf5,demo_2,0.11894,0.00000,0.0000
0.21634,-0.07648,0,gen_mimicgen_failed.hdf5,demo_20,0.01021,0.01368,0.9996
0.22435,-0.07171,0,gen_mimicgen_failed.hdf5,demo_200,0.22993,0.00000,0.9999
0.18054,0.01399,0,gen_mimicgen_failed.hdf5,demo_201,0.12842,0.00000,1.0000
0.23600,-0.10313,0,gen_mimicgen_failed.hdf5,demo_202,0.24810,0.00000,0.9997
0.15364,-0.01667,0,gen_mimicgen_failed.hdf5,demo_203,0.01023,0.01679,1.0000
0.13933,-0.11684,0,gen_mimicgen_failed.hdf5,demo_204,0.21724,0.00000,0.9838
0.24273,0.11288,0,gen_mimicgen_failed.hdf5,demo_205,0.07134,0.00000,-0.9990
0.21689,0.05423,0,gen_mimicgen_failed.hdf5,demo_206,0.16974,0.00000,0.9999
0.22312,0.05339,0,gen_mimicgen_failed.hdf5,demo_207,0.01059,0.01576,0.6893
0.08610,0.02843,0,gen_mimicgen_failed.hdf5,demo_208,0.01864,0.00000,0.3044
0.22143,-0.10234,0,gen_mimicgen_failed.hdf5,demo_209,0.24445,0.00000,1.0000
0.12513,-0.08774,0,gen_mimicgen_failed.hdf5,demo_21,0.01132,0.00771,0.8486
0.10709,-0.07371,0,gen_mimicgen_failed.hdf5,demo_210,0.07195,0.00000,-0.9688
0.20697,-0.01458,0,gen_mimicgen_failed.hdf5,demo_211,0.16317,0.00000,0.9997
0.08735,-0.01223,0,gen_mimicgen_failed.hdf5,demo_212,0.12403,0.00000,1.0000
0.16767,0.05605,0,gen_mimicgen_failed.hdf5,demo_213,0.09645,0.00000,1.0000
0.24135,-0.09144,0,gen_mimicgen_failed.hdf5,demo_214,0.24499,0.00000,1.0000
0.23701,-0.04848,0,gen_mimicgen_failed.hdf5,demo_215,0.20918,0.00000,0.9993
0.21608,0.02642,0,gen_mimicgen_failed.hdf5,demo_216,0.17878,0.00000,0.9492
0.15095,-0.10744,0,gen_mimicgen_failed.hdf5,demo_217,0.06020,0.00000,0.9999
0.22022,-0.00359,0,gen_mimicgen_failed.hdf5,demo_218,0.17017,0.00000,0.9988
0.15640,0.06032,0,gen_mimicgen_failed.hdf5,demo_219,0.08259,0.00000,0.9992
0.13327,-0.02427,0,gen_mimicgen_failed.hdf5,demo_22,0.01071,0.01392,1.0000
0.21992,-0.06359,0,gen_mimicgen_failed.hdf5,demo_220,0.00693,0.00922,0.9766
0.21173,-0.08525,0,gen_mimicgen_failed.hdf5,demo_221,0.22227,0.00000,0.9998
0.18613,-0.07170,0,gen_mimicgen_failed.hdf5,demo_222,0.06160,0.00000,0.0000
0.21529,0.00251,0,gen_mimicgen_failed.hdf5,demo_223,0.18066,0.00000,0.7670
0.18064,0.02564,0,gen_mimicgen_failed.hdf5,demo_224,0.14611,0.00000,0.7808
0.16882,0.04813,0,gen_mimicgen_failed.hdf5,demo_225,0.09492,0.00000,-0.0000
0.11706,0.02600,0,gen_mimicgen_failed.hdf5,demo_226,0.09424,0.00000,0.6573
0.16948,-0.01464,0,gen_mimicgen_failed.hdf5,demo_227,0.06350,0.00000,0.0000
0.20026,-0.02227,0,gen_mimicgen_failed.hdf5,demo_228,0.16172,0.00000,1.0000
0.11294,-0.00749,0,gen_mimicgen_failed.hdf5,demo_229,0.01045,0.01628,0.6339
0.13463,-0.01182,0,gen_mimicgen_failed.hdf5,demo_23,0.09939,0.00000,0.0000
0.08280,-0.02595,0,gen_mimicgen_failed.hdf5,demo_230,0.11148,0.00000,0.9163
0.18703,-0.07552,0,gen_mimicgen_failed.hdf5,demo_231,0.01051,0.01641,0.9999
0.22958,0.11053,0,gen_mimicgen_failed.hdf5,demo_232,0.09322,0.00000,-0.7599
0.20275,0.10191,0,gen_mimicgen_failed.hdf5,demo_233,0.01106,0.01597,0.9984
0.14441,-0.05137,0,gen_mimicgen_failed.hdf5,demo_234,0.02084,0.00000,0.0723
0.21412,-0.10122,0,gen_mimicgen_failed.hdf5,demo_235,0.24605,0.00000,0.9997
0.24088,0.00786,0,gen_mimicgen_failed.hdf5,demo_236,0.01304,0.01214,0.6186
0.15931,-0.01951,0,gen_mimicgen_failed.hdf5,demo_237,0.14067,0.00000,1.0000
0.19178,0.07051,0,gen_mimicgen_failed.hdf5,demo_238,0.10818,0.00000,1.0000
0.16338,-0.03340,0,gen_mimicgen_failed.hdf5,demo_239,0.15732,0.00000,0.9843
0.18270,-0.04957,0,gen_mimicgen_failed.hdf5,demo_24,0.07398,0.00000,-0.9849
0.10163,-0.10177,0,gen_mimicgen_failed.hdf5,demo_240,0.20414,0.00000,0.9988
0.25176,0.03634,0,gen_mimicgen_failed.hdf5,demo_241,0.01049,0.01631,0.6196
0.18935,-0.05905,0,gen_mimicgen_failed.hdf5,demo_242,0.19356,0.00000,0.9983
0.19571,0.11222,0,gen_mimicgen_failed.hdf5,demo_243,0.10638,0.00000,0.9998
0.19992,0.05271,0,gen_mimicgen_failed.hdf5,demo_244,0.09622,0.00000,0.0000
0.17647,0.04539,0,gen_mimicgen_failed.hdf5,demo_245,0.10472,0.00000,1.0000
0.25346,0.11372,0,gen_mimicgen_failed.hdf5,demo_246,0.16398,0.00000,1.0000
0.17093,0.09788,0,gen_mimicgen_failed.hdf5,demo_247,0.08086,0.00000,0.9998
0.17426,0.08097,0,gen_mimicgen_failed.hdf5,demo_248,0.01571,0.01007,0.7323
0.20127,0.06607,0,gen_mimicgen_failed.hdf5,demo_249,0.12211,0.00000,0.9864
0.19410,-0.07942,0,gen_mimicgen_failed.hdf5,demo_25,0.06396,0.00000,-0.9994
0.12447,0.03238,0,gen_mimicgen_failed.hdf5,demo_250,0.00599,0.00968,0.9971
0.23314,-0.08263,0,gen_mimicgen_failed.hdf5,demo_251,0.01308,0.00508,0.9229
0.13090,0.02887,0,gen_mimicgen_failed.hdf5,demo_252,0.13417,0.00000,0.9998
0.17900,-0.04477,0,gen_mimicgen_failed.hdf5,demo_253,0.09112,0.00000,-0.0000
0.15346,-0.02877,0,gen_mimicgen_failed.hdf5,demo_254,0.07502,0.00000,-0.9947
0.10378,-0.03677,0,gen_mimicgen_failed.hdf5,demo_255,0.01084,0.00701,0.9225
0.19053,0.05347,0,gen_mimicgen_failed.hdf5,demo_256,0.11579,0.00000,1.0000
0.16529,-0.09592,0,gen_mimicgen_failed.hdf5,demo_257,0.06763,0.00000,-0.9988
0.23548,-0.11714,0,gen_mimicgen_failed.hdf5,demo_258,0.01783,0.00000,0.9978
0.25920,-0.00665,0,gen_mimicgen_failed.hdf5,demo_259,0.01034,0.01656,0.5867
0.08773,-0.11900,0,gen_mimicgen_failed.hdf5,demo_26,0.08630,0.00000,0.0000
0.23610,-0.08943,0,gen_mimicgen_failed.hdf5,demo_260,0.07342,0.00000,-0.9885
0.10342,-0.09687,0,gen_mimicgen_failed.hdf5,demo_261,0.09641,0.00000,0.0000
0.24795,0.06492,0,gen_mimicgen_failed.hdf5,demo_262,0.01095,0.01618,0.5717
0.19606,-0.08876,0,gen_mimicgen_failed.hdf5,demo_263,0.09342,0.00000,0.0000
0.15612,0.04458,0,gen_mimicgen_failed.hdf5,demo_264,0.09671,0.00000,-0.0000
0.21039,0.05899,0,gen_mimicgen_failed.hdf5,demo_265,0.01069,0.01569,0.6888
0.17527,-0.00796,0,gen_mimicgen_failed.hdf5,demo_266,0.09488,0.00000,0.0000
0.23367,-0.01539,0,gen_mimicgen_failed.hdf5,demo_267,0.01083,0.01624,0.5826
0.21295,0.05884,0,gen_mimicgen_failed.hdf5,demo_268,0.01046,0.01646,0.9999
0.20784,-0.05169,0,gen_mimicgen_failed.hdf5,demo_269,0.19053,0.00000,0.9996
0.19195,-0.10815,0,gen_mimicgen_failed.hdf5,demo_27,0.05882,0.00000,0.9368
0.15529,-0.04286,0,gen_mimicgen_failed.hdf5,demo_270,0.01346,-0.00004,0.9998
0.15732,-0.04577,0,gen_mimicgen_failed.hdf5,demo_271,0.09629,0.00000,0.0000
0.14207,-0.03716,0,gen_mimicgen_failed.hdf5,demo_272,0.07153,0.00000,-0.9841
0.08990,-0.06352,0,gen_mimicgen_failed.hdf5,demo_273,0.01293,0.00481,0.9208
0.12319,-0.03781,0,gen_mimicgen_failed.hdf5,demo_274,0.09097,0.00000,0.0000
0.08379,-0.04253,0,gen_mimicgen_failed.hdf5,demo_275,0.01608,0.00000,0.8369
0.15315,0.01303,0,gen_mimicgen_failed.hdf5,demo_276,0.01613,0.00000,0.8413
0.24505,0.11263,0,gen_mimicgen_failed.hdf5,demo_277,0.15394,0.00000,0.9994
0.23058,0.03329,0,gen_mimicgen_failed.hdf5,demo_278,0.16476,0.00000,0.9720
0.24841,0.01719,0,gen_mimicgen_failed.hdf5,demo_279,0.17585,0.00000,0.9956
0.14859,-0.09259,0,gen_mimicgen_failed.hdf5,demo_28,0.09202,0.00000,0.2448
0.23280,0.02077,0,gen_mimicgen_failed.hdf5,demo_280,0.04934,0.00000,0.9922
0.20075,0.06045,0,gen_mimicgen_failed.hdf5,demo_281,0.12243,0.00000,0.9920
0.20881,0.07359,0,gen_mimicgen_failed.hdf5,demo_282,0.01477,-0.00011,0.9679
0.10799,-0.09419,0,gen_mimicgen_failed.hdf5,demo_283,0.01127,0.00744,0.9113
0.15758,-0.00540,0,gen_mimicgen_failed.hdf5,demo_284,0.12555,0.00000,0.9996
0.24297,0.01219,0,gen_mimicgen_failed.hdf5,demo_285,0.17767,0.00000,0.9994
0.15747,-0.05140,0,gen_mimicgen_failed.hdf5,demo_286,0.16757,0.00000,1.0000
0.16132,-0.10205,0,gen_mimicgen_failed.hdf5,demo_287,0.21290,0.00000,0.9999
0.15765,-0.04588,0,gen_mimicgen_failed.hdf5,demo_288,0.15176,0.00000,-0.2211
0.25634,-0.11047,0,gen_mimicgen_failed.hdf5,demo_289,0.26892,0.00000,0.9998
0.24770,-0.04216,0,gen_mimicgen_failed.hdf5,demo_29,0.01435,-0.00004,0.9968
0.17336,0.09180,0,gen_mimicgen_failed.hdf5,demo_290,0.08134,0.00000,1.0000
0.23525,-0.11241,0,gen_mimicgen_failed.hdf5,demo_291,0.21801,0.00000,-0.2620
0.17730,0.06532,0,gen_mimicgen_failed.hdf5,demo_292,0.09777,0.00000,0.9999
0.17862,-0.06958,0,gen_mimicgen_failed.hdf5,demo_293,0.09283,0.00000,0.0000
0.18176,0.02935,0,gen_mimicgen_failed.hdf5,demo_294,0.01046,0.00458,0.8981
0.15933,-0.11708,0,gen_mimicgen_failed.hdf5,demo_295,0.24688,0.00000,0.6579
0.11570,-0.11627,0,gen_mimicgen_failed.hdf5,demo_296,0.01564,0.00423,0.9311
0.15347,-0.05783,0,gen_mimicgen_failed.hdf5,demo_297,0.07515,0.00000,-0.9970
0.12745,-0.09235,0,gen_mimicgen_failed.hdf5,demo_298,0.01099,0.00775,0.9091
0.18290,-0.08810,0,gen_mimicgen_failed.hdf5,demo_299,0.07305,0.00000,-1.0000
0.15708,-0.01385,0,gen_mimicgen_failed.hdf5,demo_3,0.00919,0.00982,0.9996
0.11150,-0.11946,0,gen_mimicgen_failed.hdf5,demo_30,0.09547,0.00000,0.0000
0.15708,0.02529,0,gen_mimicgen_failed.hdf5,demo_31,0.00683,0.00929,0.9965
0.15582,0.03430,0,gen_mimicgen_failed.hdf5,demo_32,0.17418,0.00000,0.0000
0.12158,0.03155,0,gen_mimicgen_failed.hdf5,demo_33,0.01484,0.00939,0.7372
0.16917,0.06385,0,gen_mimicgen_failed.hdf5,demo_34,0.01906,0.00000,0.7520
0.23205,0.08865,0,gen_mimicgen_failed.hdf5,demo_35,0.07393,0.00000,0.9990
0.25789,0.11994,0,gen_mimicgen_failed.hdf5,demo_36,0.01067,0.01551,1.0000
0.23942,-0.00749,0,gen_mimicgen_failed.hdf5,demo_37,0.09368,0.00000,-0.0000
0.20558,0.03061,0,gen_mimicgen_failed.hdf5,demo_38,0.14744,0.00000,0.9479
0.14985,0.05637,0,gen_mimicgen_failed.hdf5,demo_39,0.06421,0.00000,0.1702
0.25060,-0.04577,0,gen_mimicgen_failed.hdf5,demo_4,0.01189,0.00743,0.9006
0.24099,0.07400,0,gen_mimicgen_failed.hdf5,demo_40,0.00509,0.01183,0.9948
0.09849,0.02204,0,gen_mimicgen_failed.hdf5,demo_41,0.08057,0.00000,0.9839
0.14568,0.01166,0,gen_mimicgen_failed.hdf5,demo_42,0.08452,0.00000,0.9714
0.21637,0.08084,0,gen_mimicgen_failed.hdf5,demo_43,0.09586,0.00000,0.0000
0.14337,0.02405,0,gen_mimicgen_failed.hdf5,demo_44,0.01014,0.01079,0.8781
0.12984,0.02855,0,gen_mimicgen_failed.hdf5,demo_45,0.01041,0.01638,0.6169
0.14862,-0.07703,0,gen_mimicgen_failed.hdf5,demo_46,0.09723,0.00000,0.0000
0.23907,0.09745,0,gen_mimicgen_failed.hdf5,demo_47,0.14266,0.00000,0.9967
0.20752,-0.10872,0,gen_mimicgen_failed.hdf5,demo_48,0.09413,0.00000,-0.0000
0.14440,0.03901,0,gen_mimicgen_failed.hdf5,demo_49,0.09196,0.00000,0.0000
0.18421,-0.06645,0,gen_mimicgen_failed.hdf5,demo_5,0.06019,0.00000,0.9991
0.16825,0.11221,0,gen_mimicgen_failed.hdf5,demo_50,0.02727,0.00000,-0.1742
0.18335,0.05127,0,gen_mimicgen_failed.hdf5,demo_51,0.07106,0.00000,-0.9877
0.11210,0.00368,0,gen_mimicgen_failed.hdf5,demo_52,0.11444,0.00000,0.9991
0.15732,0.03345,0,gen_mimicgen_failed.hdf5,demo_53,0.10875,0.00000,0.8077
0.18001,0.02764,0,gen_mimicgen_failed.hdf5,demo_54,0.09190,0.00000,-0.0000
0.08272,-0.11530,0,gen_mimicgen_failed.hdf5,demo_55,0.21070,0.00000,1.0000
0.22872,0.10289,0,gen_mimicgen_failed.hdf5,demo_56,0.02569,0.00000,-0.1220
0.18058,0.04817,0,gen_mimicgen_failed.hdf5,demo_57,0.05275,0.00000,0.9999
0.08036,-0.03790,0,gen_mimicgen_failed.hdf5,demo_58,0.06924,0.00000,-0.9975
0.17866,-0.09878,0,gen_mimicgen_failed.hdf5,demo_59,0.06564,0.00000,-0.0089
0.23683,-0.07329,0,gen_mimicgen_failed.hdf5,demo_6,0.00818,0.01496,0.9988
0.14633,-0.06747,0,gen_mimicgen_failed.hdf5,demo_60,0.01041,0.01637,0.6191
0.21316,0.07946,0,gen_mimicgen_failed.hdf5,demo_61,0.01125,0.01545,0.9977
0.23742,-0.06227,0,gen_mimicgen_failed.hdf5,demo_62,0.21749,0.00000,0.9980
0.17470,-0.09323,0,gen_mimicgen_failed.hdf5,demo_63,0.04096,0.00000,-0.8363
0.19479,0.08862,0,gen_mimicgen_failed.hdf5,demo_64,0.01079,0.01558,0.9998
0.16488,-0.03941,0,gen_mimicgen_failed.hdf5,demo_65,0.16536,0.00000,0.9954
0.17547,-0.06892,0,gen_mimicgen_failed.hdf5,demo_66,0.01118,0.01615,0.9974
0.20874,-0.07006,0,gen_mimicgen_failed.hdf5,demo_67,0.02615,0.00000,0.2567
0.20823,-0.11115,0,gen_mimicgen_failed.hdf5,demo_68,0.24331,0.00000,0.9988
0.24312,0.02393,0,gen_mimicgen_failed.hdf5,demo_69,0.09306,0.00000,0.0000
0.16341,-0.00908,0,gen_mimicgen_failed.hdf5,demo_7,0.07069,0.00000,-0.9872
0.23241,0.08574,0,gen_mimicgen_failed.hdf5,demo_70,0.01056,0.01592,1.0000
0.11943,-0.02956,0,gen_mimicgen_failed.hdf5,demo_71,0.00867,0.00996,0.9995
0.15252,-0.01160,0,gen_mimicgen_failed.hdf5,demo_72,0.01138,0.01572,0.9965
0.14065,0.01818,0,gen_mimicgen_failed.hdf5,demo_73,0.06788,0.00000,-0.0000
0.14457,-0.01623,0,gen_mimicgen_failed.hdf5,demo_74,0.01152,0.00489,0.8103
0.19883,-0.03966,0,gen_mimicgen_failed.hdf5,demo_75,0.01126,0.01599,0.9971
0.15651,-0.07175,0,gen_mimicgen_failed.hdf5,demo_76,0.08612,0.00000,0.0000
0.16992,0.10410,0,gen_mimicgen_failed.hdf5,demo_77,0.02210,0.00000,-0.0004
0.22748,-0.02085,0,gen_mimicgen_failed.hdf5,demo_78,0.05959,0.00000,-0.8672
0.19167,0.11232,0,gen_mimicgen_failed.hdf5,demo_79,0.01138,0.01561,0.9967
0.17247,-0.06401,0,gen_mimicgen_failed.hdf5,demo_8,0.09607,0.00000,0.0000
0.18848,0.06851,0,gen_mimicgen_failed.hdf5,demo_80,0.06618,0.00000,-0.9769
0.25886,0.08191,0,gen_mimicgen_failed.hdf5,demo_81,0.06550,0.00000,-0.0450
0.15810,-0.09276,0,gen_mimicgen_failed.hdf5,demo_82,0.01222,0.00023,0.9939
0.25725,-0.11195,0,gen_mimicgen_failed.hdf5,demo_83,0.00116,0.00116,0.9897
0.11183,-0.08956,0,gen_mimicgen_failed.hdf5,demo_84,0.01125,0.00461,0.9001
0.11064,-0.09362,0,gen_mimicgen_failed.hdf5,demo_85,0.20167,0.00000,0.9999
0.22256,-0.07083,0,gen_mimicgen_failed.hdf5,demo_86,0.21817,0.00000,0.9982
0.12925,-0.03721,0,gen_mimicgen_failed.hdf5,demo_87,0.14627,0.00000,1.0000
0.24341,-0.05801,0,gen_mimicgen_failed.hdf5,demo_88,0.21745,0.00000,1.0000
0.12572,-0.01119,0,gen_mimicgen_failed.hdf5,demo_89,0.12106,0.00000,0.9915
0.13933,-0.08491,0,gen_mimicgen_failed.hdf5,demo_9,0.06808,0.00000,-0.9999
0.15685,-0.04975,0,gen_mimicgen_failed.hdf5,demo_90,0.06848,0.00000,-0.9580
0.20598,0.11015,0,gen_mimicgen_failed.hdf5,demo_91,0.09608,0.00000,0.0000
0.18709,0.08458,0,gen_mimicgen_failed.hdf5,demo_92,0.05035,0.00000,0.9830
0.18274,-0.02161,0,gen_mimicgen_failed.hdf5,demo_93,0.16373,0.00000,0.9910
0.21547,-0.08451,0,gen_mimicgen_failed.hdf5,demo_94,0.23469,0.00000,0.9998
0.14506,0.05031,0,gen_mimicgen_failed.hdf5,demo_95,0.12383,0.00000,0.9999
0.21970,0.06194,0,gen_mimicgen_failed.hdf5,demo_96,0.06110,0.00000,1.0000
0.21515,0.04161,0,gen_mimicgen_failed.hdf5,demo_97,0.13869,0.00000,1.0000
0.21414,-0.05352,0,gen_mimicgen_failed.hdf5,demo_98,0.20232,0.00000,0.9995
0.11683,-0.03419,0,gen_mimicgen_failed.hdf5,demo_99,0.14708,0.00000,0.9997
